hexagono_id,hexagono_shape,centroid_lat,centroid_lon,nombdep,nombprov,nombdist,has_coverage,city,zone_rappi,coverage_messages,timestamp
zona_000124,"POLYGON ((-77.00683528127527 -12.214991786587944, -77.00913308007608 -12.211101985097716, -77.0137286776777 -12.211101985097716, -77.01602647647852 -12.214991786587944, -77.0137286776777 -12.218881588078172, -77.00913308007608 -12.218881588078172, -77.00683528127527 -12.214991786587944))",-12.214991786587944,-77.0114308788769,LIMA,LIMA,CHORRILLOS,True,53,54,No se pudieron encontrar las tiendas solicitadas,2025-04-22 16:44:30.488876
zona_000147,"POLYGON ((-77.0206240355391 -12.207212183607488, -77.02292176682205 -12.20332238211726, -77.02751722938793 -12.20332238211726, -77.02981496067088 -12.207212183607488, -77.02751722938793 -12.211101985097716, -77.02292176682205 -12.211101985097716, -77.0206240355391 -12.207212183607488))",-12.207212183607488,-77.02521949810499,LIMA,LIMA,CHORRILLOS,True,53,54,No se pudieron encontrar las tiendas solicitadas,2025-04-22 16:44:30.488876
zona_000148,"POLYGON ((-77.01372965841877 -12.211101985097716, -77.01602742345484 -12.207212183607488, -77.02062295352702 -12.207212183607488, -77.0229207185631 -12.211101985097716, -77.02062295352702 -12.214991786587944, -77.01602742345484 -12.214991786587944, -77.01372965841877 -12.211101985097716))",-12.211101985097716,-77.01832518849093,LIMA,LIMA,CHORRILLOS,True,53,54,No se pudieron encontrar las tiendas solicitadas,2025-04-22 16:44:30.488876
zona_000149,"POLYGON ((-77.006835416311 -12.207212183607488, -77.00913314759396 -12.20332238211726, -77.01372861015983 -12.20332238211726, -77.01602634144278 -12.207212183607488, -77.01372861015983 -12.211101985097716, -77.00913314759396 -12.211101985097716, -77.006835416311 -12.207212183607488))",-12.207212183607488,-77.0114308788769,LIMA,LIMA,CHORRILLOS,True,53,54,No se pudieron encontrar las tiendas solicitadas,2025-04-22 16:44:30.488876
zona_000150,"POLYGON ((-76.99994103919067 -12.211101985097716, -77.00223880422675 -12.207212183607488, -77.00683433429893 -12.207212183607488, -77.009132099335 -12.211101985097716, -77.00683433429893 -12.214991786587944, -77.00223880422675 -12.214991786587944, -76.99994103919067 -12.211101985097716))",-12.211101985097716,-77.00453656926284,LIMA,LIMA,CHORRILLOS,True,53,54,No se pudieron encontrar las tiendas solicitadas,2025-04-22 16:44:30.488876
zona_000171,"POLYGON ((-77.02751841263628 -12.20332238211726, -77.02981611017766 -12.199432580627033, -77.03441150526042 -12.199432580627033, -77.0367092028018 -12.20332238211726, -77.03441150526042 -12.207212183607488, -77.02981611017766 -12.207212183607488, -77.02751841263628 -12.20332238211726))",-12.20332238211726,-77.03211380771904,LIMA,LIMA,CHORRILLOS,True,53,54,No se pudieron encontrar las tiendas solicitadas,2025-04-22 16:44:30.488876
zona_000172,"POLYGON ((-77.02062417048218 -12.19943258062703, -77.02292183429358 -12.195542779136803, -77.02751716191639 -12.195542779136803, -77.0298148257278 -12.19943258062703, -77.02751716191639 -12.203322382117259, -77.02292183429358 -12.203322382117259, -77.02062417048218 -12.19943258062703))",-12.19943258062703,-77.02521949810499,LIMA,LIMA,CHORRILLOS,True,53,54,No se pudieron encontrar las tiendas solicitadas,2025-04-22 16:44:30.488876
zona_000173,"POLYGON ((-77.01372979340817 -12.20332238211726, -77.01602749094955 -12.199432580627033, -77.02062288603231 -12.199432580627033, -77.0229205835737 -12.20332238211726, -77.02062288603231 -12.207212183607488, -77.01602749094955 -12.207212183607488, -77.01372979340817 -12.20332238211726))",-12.20332238211726,-77.01832518849093,LIMA,LIMA,CHORRILLOS,True,53,54,No se pudieron encontrar las tiendas solicitadas,2025-04-22 16:44:30.488876
zona_000174,"POLYGON ((-77.00683555125408 -12.19943258062703, -77.00913321506549 -12.195542779136803, -77.0137285426883 -12.195542779136803, -77.0160262064997 -12.19943258062703, -77.0137285426883 -12.203322382117259, -77.00913321506549 -12.203322382117259, -77.00683555125408 -12.19943258062703))",-12.19943258062703,-77.0114308788769,LIMA,LIMA,CHORRILLOS,True,53,54,No se pudieron encontrar las tiendas solicitadas,2025-04-22 16:44:30.488876
zona_000175,"POLYGON ((-76.99994117418008 -12.20332238211726, -77.00223887172146 -12.199432580627033, -77.00683426680422 -12.199432580627033, -77.0091319643456 -12.20332238211726, -77.00683426680422 -12.207212183607488, -77.00223887172146 -12.207212183607488, -76.99994117418008 -12.20332238211726))",-12.20332238211726,-77.00453656926284,LIMA,LIMA,CHORRILLOS,True,53,54,No se pudieron encontrar las tiendas solicitadas,2025-04-22 16:44:30.488876
zona_000196,"POLYGON ((-77.02751854753303 -12.195542779136803, -77.02981617762605 -12.191652977646575, -77.03441143781204 -12.191652977646575, -77.03670906790505 -12.195542779136803, -77.03441143781204 -12.19943258062703, -77.02981617762605 -12.19943258062703, -77.02751854753303 -12.195542779136803))",-12.195542779136803,-77.03211380771904,LIMA,LIMA,CHORRILLOS,True,0,0,Microzona invalida,2025-04-22 16:44:30.488876
zona_000197,"POLYGON ((-77.02062430533263 -12.191652977646575, -77.0229219017188 -12.187763176156347, -77.02751709449117 -12.187763176156347, -77.02981469087734 -12.191652977646575, -77.02751709449117 -12.195542779136803, -77.0229219017188 -12.195542779136803, -77.02062430533263 -12.191652977646575))",-12.191652977646575,-77.02521949810499,LIMA,LIMA,CHORRILLOS,True,53,54,No se pudieron encontrar las tiendas solicitadas,2025-04-22 16:44:30.488876
zona_000198,"POLYGON ((-77.01372992830493 -12.195542779136803, -77.01602755839794 -12.191652977646575, -77.02062281858393 -12.191652977646575, -77.02292044867694 -12.195542779136803, -77.02062281858393 -12.19943258062703, -77.01602755839794 -12.19943258062703, -77.01372992830493 -12.195542779136803))",-12.195542779136803,-77.01832518849093,LIMA,LIMA,CHORRILLOS,True,53,54,No se pudieron encontrar las tiendas solicitadas,2025-04-22 16:44:30.488876
zona_000199,"POLYGON ((-77.00683568610454 -12.191652977646575, -77.00913328249071 -12.187763176156347, -77.01372847526308 -12.187763176156347, -77.01602607164925 -12.191652977646575, -77.01372847526308 -12.195542779136803, -77.00913328249071 -12.195542779136803, -77.00683568610454 -12.191652977646575))",-12.191652977646575,-77.0114308788769,LIMA,LIMA,CHORRILLOS,True,53,54,No se pudieron encontrar las tiendas solicitadas,2025-04-22 16:44:30.488876
zona_000200,"POLYGON ((-76.99994130907683 -12.195542779136803, -77.00223893916984 -12.191652977646575, -77.00683419935584 -12.191652977646575, -77.00913182944885 -12.195542779136803, -77.00683419935584 -12.19943258062703, -77.00223893916984 -12.19943258062703, -76.99994130907683 -12.195542779136803))",-12.195542779136803,-77.00453656926284,LIMA,LIMA,CHORRILLOS,True,53,54,No se pudieron encontrar las tiendas solicitadas,2025-04-22 16:44:30.488876
zona_000220,"POLYGON ((-77.03441305931854 -12.183873374666119, -77.03671058832582 -12.17998357317589, -77.04130564634035 -12.17998357317589, -77.04360317534763 -12.183873374666119, -77.04130564634035 -12.187763176156347, -77.03671058832582 -12.187763176156347, -77.03441305931854 -12.183873374666119))",-12.183873374666119,-77.03900811733308,LIMA,LIMA,CHORRILLOS,True,0,0,Microzona invalida,2025-04-22 16:44:30.488876
zona_000221,"POLYGON ((-77.02751868233717 -12.187763176156347, -77.0298162450281 -12.183873374666119, -77.03441137040998 -12.183873374666119, -77.03670893310091 -12.187763176156347, -77.03441137040998 -12.191652977646575, -77.0298162450281 -12.191652977646575, -77.02751868233717 -12.187763176156347))",-12.187763176156347,-77.03211380771904,LIMA,LIMA,CHORRILLOS,True,0,0,Microzona invalida,2025-04-22 16:44:30.488876
zona_000222,"POLYGON ((-77.02062444009044 -12.183873374666119, -77.02292196909772 -12.17998357317589, -77.02751702711225 -12.17998357317589, -77.02981455611953 -12.183873374666119, -77.02751702711225 -12.187763176156347, -77.02292196909772 -12.187763176156347, -77.02062444009044 -12.183873374666119))",-12.183873374666119,-77.02521949810499,LIMA,LIMA,CHORRILLOS,True,0,0,Microzona invalida,2025-04-22 16:44:30.488876
zona_000223,"POLYGON ((-77.01373006310907 -12.187763176156347, -77.01602762579999 -12.183873374666119, -77.02062275118188 -12.183873374666119, -77.0229203138728 -12.187763176156347, -77.02062275118188 -12.191652977646575, -77.01602762579999 -12.191652977646575, -77.01373006310907 -12.187763176156347))",-12.187763176156347,-77.01832518849093,LIMA,LIMA,CHORRILLOS,True,53,54,No se pudieron encontrar las tiendas solicitadas,2025-04-22 16:44:30.488876
zona_000224,"POLYGON ((-77.00683582086235 -12.183873374666119, -77.00913334986963 -12.17998357317589, -77.01372840788416 -12.17998357317589, -77.01602593689144 -12.183873374666119, -77.01372840788416 -12.187763176156347, -77.00913334986963 -12.187763176156347, -77.00683582086235 -12.183873374666119))",-12.183873374666119,-77.0114308788769,LIMA,LIMA,CHORRILLOS,True,53,54,No se pudieron encontrar las tiendas solicitadas,2025-04-22 16:44:30.488876
zona_000225,"POLYGON ((-76.99994144388097 -12.187763176156347, -77.0022390065719 -12.183873374666119, -77.00683413195378 -12.183873374666119, -77.00913169464471 -12.187763176156347, -77.00683413195378 -12.191652977646575, -77.0022390065719 -12.191652977646575, -76.99994144388097 -12.187763176156347))",-12.187763176156347,-77.00453656926284,LIMA,LIMA,CHORRILLOS,True,53,54,No se pudieron encontrar las tiendas solicitadas,2025-04-22 16:44:30.488876
zona_000246,"POLYGON ((-77.02751881704867 -12.179983573175889, -77.02981631238386 -12.176093771685661, -77.03441130305423 -12.176093771685661, -77.03670879838941 -12.179983573175889, -77.03441130305423 -12.183873374666117, -77.02981631238386 -12.183873374666117, -77.02751881704867 -12.179983573175889))",-12.179983573175889,-77.03211380771904,LIMA,LIMA,CHORRILLOS,True,0,0,Microzona invalida,2025-04-22 16:44:30.488876
zona_000247,"POLYGON ((-77.02062457475564 -12.176093771685661, -77.02292203643032 -12.172203970195433, -77.02751695977966 -12.172203970195433, -77.02981442145433 -12.176093771685661, -77.02751695977966 -12.179983573175889, -77.02292203643032 -12.179983573175889, -77.02062457475564 -12.176093771685661))",-12.176093771685661,-77.02521949810499,LIMA,LIMA,CHORRILLOS,True,53,54,No se pudieron encontrar las tiendas solicitadas,2025-04-22 16:44:30.488876
zona_000248,"POLYGON ((-77.01373019782056 -12.179983573175889, -77.01602769315575 -12.176093771685661, -77.02062268382612 -12.176093771685661, -77.0229201791613 -12.179983573175889, -77.02062268382612 -12.183873374666117, -77.01602769315575 -12.183873374666117, -77.01373019782056 -12.179983573175889))",-12.179983573175889,-77.01832518849093,LIMA,LIMA,CHORRILLOS,True,53,54,No se pudieron encontrar las tiendas solicitadas,2025-04-22 16:44:30.488876
zona_000249,"POLYGON ((-77.00683595552755 -12.176093771685661, -77.00913341720222 -12.172203970195433, -77.01372834055157 -12.172203970195433, -77.01602580222624 -12.176093771685661, -77.01372834055157 -12.179983573175889, -77.00913341720222 -12.179983573175889, -77.00683595552755 -12.176093771685661))",-12.176093771685661,-77.0114308788769,LIMA,LIMA,CHORRILLOS,True,53,54,No se pudieron encontrar las tiendas solicitadas,2025-04-22 16:44:30.488876
zona_000250,"POLYGON ((-76.99994157859247 -12.179983573175889, -77.00223907392765 -12.176093771685661, -77.00683406459802 -12.176093771685661, -77.00913155993321 -12.179983573175889, -77.00683406459802 -12.183873374666117, -77.00223907392765 -12.183873374666117, -76.99994157859247 -12.179983573175889))",-12.179983573175889,-77.00453656926284,LIMA,LIMA,CHORRILLOS,True,53,54,No se pudieron encontrar las tiendas solicitadas,2025-04-22 16:44:30.488876
zona_000271,"POLYGON ((-77.02751895166757 -12.172203970195433, -77.02981637969332 -12.168314168705205, -77.03441123574477 -12.168314168705205, -77.03670866377051 -12.172203970195433, -77.03441123574477 -12.176093771685661, -77.02981637969332 -12.176093771685661, -77.02751895166757 -12.172203970195433))",-12.172203970195433,-77.03211380771904,LIMA,LIMA,CHORRILLOS,True,53,54,No se pudieron encontrar las tiendas solicitadas,2025-04-22 16:44:30.488876
zona_000272,"POLYGON ((-77.02062470932825 -12.168314168705205, -77.02292210371662 -12.164424367214977, -77.02751689249335 -12.164424367214977, -77.02981428688173 -12.168314168705205, -77.02751689249335 -12.172203970195433, -77.02292210371662 -12.172203970195433, -77.02062470932825 -12.168314168705205))",-12.168314168705205,-77.02521949810499,LIMA,LIMA,CHORRILLOS,True,53,54,No se pudieron encontrar las tiendas solicitadas,2025-04-22 16:44:30.488876
zona_000273,"POLYGON ((-77.01373033243947 -12.172203970195433, -77.0160277604652 -12.168314168705205, -77.02062261651666 -12.168314168705205, -77.0229200445424 -12.172203970195433, -77.02062261651666 -12.176093771685661, -77.0160277604652 -12.176093771685661, -77.01373033243947 -12.172203970195433))",-12.172203970195433,-77.01832518849093,LIMA,LIMA,CHORRILLOS,True,53,54,No se pudieron encontrar las tiendas solicitadas,2025-04-22 16:44:30.488876
zona_000274,"POLYGON ((-77.00683609010015 -12.168314168705205, -77.00913348448853 -12.164424367214977, -77.01372827326526 -12.164424367214977, -77.01602566765364 -12.168314168705205, -77.01372827326526 -12.172203970195433, -77.00913348448853 -12.172203970195433, -77.00683609010015 -12.168314168705205))",-12.168314168705205,-77.0114308788769,LIMA,LIMA,CHORRILLOS,True,53,54,No se pudieron encontrar las tiendas solicitadas,2025-04-22 16:44:30.488876
zona_000275,"POLYGON ((-76.99994171321137 -12.172203970195433, -77.00223914123711 -12.168314168705205, -77.00683399728857 -12.168314168705205, -77.00913142531431 -12.172203970195433, -77.00683399728857 -12.176093771685661, -77.00223914123711 -12.176093771685661, -76.99994171321137 -12.172203970195433))",-12.172203970195433,-77.00453656926284,LIMA,LIMA,SANTIAGO DE SURCO,True,53,54,No se pudieron encontrar las tiendas solicitadas,2025-04-22 16:44:30.488876
zona_000297,"POLYGON ((-77.02062484380826 -12.160534565724747, -77.02292217095662 -12.15664476423452, -77.02751682525336 -12.15664476423452, -77.02981415240171 -12.160534565724747, -77.02751682525336 -12.164424367214975, -77.02292217095662 -12.164424367214975, -77.02062484380826 -12.160534565724747))",-12.160534565724747,-77.02521949810499,LIMA,LIMA,CHORRILLOS,True,0,0,Microzona invalida,2025-04-22 16:44:30.488876
zona_000298,"POLYGON ((-77.01373046696577 -12.164424367214977, -77.01602782772835 -12.160534565724749, -77.02062254925352 -12.160534565724749, -77.0229199100161 -12.164424367214977, -77.02062254925352 -12.168314168705205, -77.01602782772835 -12.168314168705205, -77.01373046696577 -12.164424367214977))",-12.164424367214977,-77.01832518849093,LIMA,LIMA,CHORRILLOS,True,53,54,No se pudieron encontrar las tiendas solicitadas,2025-04-22 16:44:30.488876
zona_000299,"POLYGON ((-77.00683622458017 -12.160534565724747, -77.00913355172852 -12.15664476423452, -77.01372820602526 -12.15664476423452, -77.01602553317362 -12.160534565724747, -77.01372820602526 -12.164424367214975, -77.00913355172852 -12.164424367214975, -77.00683622458017 -12.160534565724747))",-12.160534565724747,-77.0114308788769,LIMA,LIMA,SANTIAGO DE SURCO,True,53,54,No se pudieron encontrar las tiendas solicitadas,2025-04-22 16:44:30.488876
zona_000300,"POLYGON ((-76.99994184773767 -12.164424367214977, -77.00223920850026 -12.160534565724749, -77.00683393002542 -12.160534565724749, -77.009131290788 -12.164424367214977, -77.00683393002542 -12.168314168705205, -77.00223920850026 -12.168314168705205, -76.99994184773767 -12.164424367214977))",-12.164424367214977,-77.00453656926284,LIMA,LIMA,SANTIAGO DE SURCO,True,53,54,No se pudieron encontrar las tiendas solicitadas,2025-04-22 16:44:30.488876
zona_000322,"POLYGON ((-77.0206249781957 -12.152754962744291, -77.02292223815034 -12.148865161254063, -77.02751675805963 -12.148865161254063, -77.02981401801428 -12.152754962744291, -77.02751675805963 -12.15664476423452, -77.02292223815034 -12.15664476423452, -77.0206249781957 -12.152754962744291))",-12.152754962744291,-77.02521949810499,LIMA,LIMA,BARRANCO,True,0,0,Microzona invalida,2025-04-22 16:44:30.488876
zona_000323,"POLYGON ((-77.0137306013995 -12.15664476423452, -77.01602789494521 -12.152754962744291, -77.02062248203666 -12.152754962744291, -77.02291977558237 -12.15664476423452, -77.02062248203666 -12.160534565724747, -77.01602789494521 -12.160534565724747, -77.0137306013995 -12.15664476423452))",-12.15664476423452,-77.01832518849093,LIMA,LIMA,CHORRILLOS,True,53,54,No se pudieron encontrar las tiendas solicitadas,2025-04-22 16:44:30.488876
zona_000324,"POLYGON ((-77.0068363589676 -12.152754962744291, -77.00913361892225 -12.148865161254063, -77.01372813883154 -12.148865161254063, -77.01602539878618 -12.152754962744291, -77.01372813883154 -12.15664476423452, -77.00913361892225 -12.15664476423452, -77.0068363589676 -12.152754962744291))",-12.152754962744291,-77.0114308788769,LIMA,LIMA,SANTIAGO DE SURCO,True,53,54,No se pudieron encontrar las tiendas solicitadas,2025-04-22 16:44:30.488876
zona_000325,"POLYGON ((-76.9999419821714 -12.15664476423452, -77.00223927571712 -12.152754962744291, -77.00683386280856 -12.152754962744291, -77.00913115635427 -12.15664476423452, -77.00683386280856 -12.160534565724747, -77.00223927571712 -12.160534565724747, -76.9999419821714 -12.15664476423452))",-12.15664476423452,-77.00453656926284,LIMA,LIMA,SANTIAGO DE SURCO,True,53,54,No se pudieron encontrar las tiendas solicitadas,2025-04-22 16:44:30.488876
zona_000347,"POLYGON ((-77.02062511249058 -12.144975359763835, -77.02292230529778 -12.141085558273607, -77.0275166909122 -12.141085558273607, -77.0298138837194 -12.144975359763835, -77.0275166909122 -12.148865161254063, -77.02292230529778 -12.148865161254063, -77.02062511249058 -12.144975359763835))",-12.144975359763835,-77.02521949810499,LIMA,LIMA,BARRANCO,True,53,54,No se pudieron encontrar las tiendas solicitadas,2025-04-22 16:44:30.488876
zona_000348,"POLYGON ((-77.01373073574065 -12.148865161254063, -77.0160279621158 -12.144975359763835, -77.02062241486607 -12.144975359763835, -77.02291964124122 -12.148865161254063, -77.02062241486607 -12.152754962744291, -77.0160279621158 -12.152754962744291, -77.01373073574065 -12.148865161254063))",-12.148865161254063,-77.01832518849093,LIMA,LIMA,BARRANCO,True,53,54,No se pudieron encontrar las tiendas solicitadas,2025-04-22 16:44:30.488876
zona_000349,"POLYGON ((-77.00683649326248 -12.144975359763835, -77.00913368606969 -12.141085558273607, -77.0137280716841 -12.141085558273607, -77.0160252644913 -12.144975359763835, -77.0137280716841 -12.148865161254063, -77.00913368606969 -12.148865161254063, -77.00683649326248 -12.144975359763835))",-12.144975359763835,-77.0114308788769,LIMA,LIMA,SANTIAGO DE SURCO,True,53,54,No se pudieron encontrar las tiendas solicitadas,2025-04-22 16:44:30.488876
zona_000350,"POLYGON ((-76.99994211651256 -12.148865161254063, -77.0022393428877 -12.144975359763835, -77.00683379563797 -12.144975359763835, -77.00913102201312 -12.148865161254063, -77.00683379563797 -12.152754962744291, -77.0022393428877 -12.152754962744291, -76.99994211651256 -12.148865161254063))",-12.148865161254063,-77.00453656926284,LIMA,LIMA,SANTIAGO DE SURCO,True,53,54,No se pudieron encontrar las tiendas solicitadas,2025-04-22 16:44:30.488876
zona_000372,"POLYGON ((-77.02062524669292 -12.137195756783377, -77.02292237239895 -12.13330595529315, -77.02751662381102 -12.13330595529315, -77.02981374951706 -12.137195756783377, -77.02751662381102 -12.141085558273605, -77.02292237239895 -12.141085558273605, -77.02062524669292 -12.137195756783377))",-12.137195756783377,-77.02521949810499,LIMA,LIMA,BARRANCO,True,53,54,No se pudieron encontrar las tiendas solicitadas,2025-04-22 16:44:30.488876
zona_000373,"POLYGON ((-77.01373086998926 -12.141085558273605, -77.0160280292401 -12.137195756783377, -77.02062234774176 -12.137195756783377, -77.02291950699261 -12.141085558273605, -77.02062234774176 -12.144975359763833, -77.0160280292401 -12.144975359763833, -77.01373086998926 -12.141085558273605))",-12.141085558273605,-77.01832518849093,LIMA,LIMA,BARRANCO,True,53,54,No se pudieron encontrar las tiendas solicitadas,2025-04-22 16:44:30.488876
zona_000374,"POLYGON ((-77.00683662746482 -12.137195756783377, -77.00913375317086 -12.13330595529315, -77.01372800458293 -12.13330595529315, -77.01602513028897 -12.137195756783377, -77.01372800458293 -12.141085558273605, -77.00913375317086 -12.141085558273605, -77.00683662746482 -12.137195756783377))",-12.137195756783377,-77.0114308788769,LIMA,LIMA,SANTIAGO DE SURCO,True,53,54,No se pudieron encontrar las tiendas solicitadas,2025-04-22 16:44:30.488876
zona_000375,"POLYGON ((-76.99994225076117 -12.141085558273605, -77.00223941001201 -12.137195756783377, -77.00683372851367 -12.137195756783377, -77.00913088776451 -12.141085558273605, -77.00683372851367 -12.144975359763833, -77.00223941001201 -12.144975359763833, -76.99994225076117 -12.141085558273605))",-12.141085558273605,-77.00453656926284,LIMA,LIMA,SANTIAGO DE SURCO,True,53,54,No se pudieron encontrar las tiendas solicitadas,2025-04-22 16:44:30.488876
zona_000397,"POLYGON ((-77.02062538080271 -12.129416153802921, -77.02292243945385 -12.125526352312693, -77.02751655675613 -12.125526352312693, -77.02981361540726 -12.129416153802921, -77.02751655675613 -12.13330595529315, -77.02292243945385 -12.13330595529315, -77.02062538080271 -12.129416153802921))",-12.129416153802921,-77.02521949810499,LIMA,LIMA,MIRAFLORES,True,53,54,No se pudieron encontrar las tiendas solicitadas,2025-04-22 16:44:30.488876
zona_000398,"POLYGON ((-77.01373100414533 -12.13330595529315, -77.01602809631812 -12.129416153802921, -77.02062228066374 -12.129416153802921, -77.02291937283654 -12.13330595529315, -77.02062228066374 -12.137195756783377, -77.01602809631812 -12.137195756783377, -77.01373100414533 -12.13330595529315))",-12.13330595529315,-77.01832518849093,LIMA,LIMA,BARRANCO,True,53,54,No se pudieron encontrar las tiendas solicitadas,2025-04-22 16:44:30.488876
zona_000399,"POLYGON ((-77.00683676157462 -12.129416153802921, -77.00913382022576 -12.125526352312693, -77.01372793752803 -12.125526352312693, -77.01602499617917 -12.129416153802921, -77.01372793752803 -12.13330595529315, -77.00913382022576 -12.13330595529315, -77.00683676157462 -12.129416153802921))",-12.129416153802921,-77.0114308788769,LIMA,LIMA,SANTIAGO DE SURCO,True,53,54,No se pudieron encontrar las tiendas solicitadas,2025-04-22 16:44:30.488876
zona_000400,"POLYGON ((-76.99994238491723 -12.13330595529315, -77.00223947709003 -12.129416153802921, -77.00683366143565 -12.129416153802921, -77.00913075360845 -12.13330595529315, -77.00683366143565 -12.137195756783377, -77.00223947709003 -12.137195756783377, -76.99994238491723 -12.13330595529315))",-12.13330595529315,-77.00453656926284,LIMA,LIMA,SANTIAGO DE SURCO,True,53,54,No se pudieron encontrar las tiendas solicitadas,2025-04-22 16:44:30.488876
zona_000420,"POLYGON ((-77.03441413404808 -12.121636550822465, -77.03671112569057 -12.117746749332237, -77.04130510897559 -12.117746749332237, -77.04360210061809 -12.121636550822465, -77.04130510897559 -12.125526352312693, -77.03671112569057 -12.125526352312693, -77.03441413404808 -12.121636550822465))",-12.121636550822465,-77.03900811733308,LIMA,LIMA,MIRAFLORES,True,53,54,No se pudieron encontrar las tiendas solicitadas,2025-04-22 16:44:30.488876
zona_000421,"POLYGON ((-77.02751975743696 -12.125526352312693, -77.02981678257801 -12.121636550822465, -77.03441083286008 -12.121636550822465, -77.03670785800112 -12.125526352312693, -77.03441083286008 -12.129416153802921, -77.02981678257801 -12.129416153802921, -77.02751975743696 -12.125526352312693))",-12.125526352312693,-77.03211380771904,LIMA,LIMA,MIRAFLORES,True,53,54,No se pudieron encontrar las tiendas solicitadas,2025-04-22 16:44:30.488876
zona_000422,"POLYGON ((-77.02062551481998 -12.121636550822465, -77.02292250646248 -12.117746749332237, -77.0275164897475 -12.117746749332237, -77.02981348139 -12.121636550822465, -77.0275164897475 -12.125526352312693, -77.02292250646248 -12.125526352312693, -77.02062551481998 -12.121636550822465))",-12.121636550822465,-77.02521949810499,LIMA,LIMA,MIRAFLORES,True,53,54,No se pudieron encontrar las tiendas solicitadas,2025-04-22 16:44:30.488876
zona_000423,"POLYGON ((-77.01373113820885 -12.125526352312693, -77.0160281633499 -12.121636550822465, -77.02062221363197 -12.121636550822465, -77.02291923877301 -12.125526352312693, -77.02062221363197 -12.129416153802921, -77.0160281633499 -12.129416153802921, -77.01373113820885 -12.125526352312693))",-12.125526352312693,-77.01832518849093,LIMA,LIMA,MIRAFLORES,True,53,54,No se pudieron encontrar las tiendas solicitadas,2025-04-22 16:44:30.488876
zona_000424,"POLYGON ((-77.00683689559189 -12.121636550822465, -77.00913388723438 -12.117746749332237, -77.0137278705194 -12.117746749332237, -77.0160248621619 -12.121636550822465, -77.0137278705194 -12.125526352312693, -77.00913388723438 -12.125526352312693, -77.00683689559189 -12.121636550822465))",-12.121636550822465,-77.0114308788769,LIMA,LIMA,MIRAFLORES,True,53,54,No se pudieron encontrar las tiendas solicitadas,2025-04-22 16:44:30.488876
zona_000425,"POLYGON ((-76.99994251898076 -12.125526352312693, -77.0022395441218 -12.121636550822465, -77.00683359440387 -12.121636550822465, -77.00913061954492 -12.125526352312693, -77.00683359440387 -12.129416153802921, -77.0022395441218 -12.129416153802921, -76.99994251898076 -12.125526352312693))",-12.125526352312693,-77.00453656926284,LIMA,LIMA,MIRAFLORES,True,53,54,No se pudieron encontrar las tiendas solicitadas,2025-04-22 16:44:30.488876
zona_000443,"POLYGON ((-77.04820288720093 -12.113856947842008, -77.05049981188105 -12.10996714635178, -77.0550936612413 -12.10996714635178, -77.05739058592142 -12.113856947842008, -77.0550936612413 -12.117746749332236, -77.05049981188105 -12.117746749332236, -77.04820288720093 -12.113856947842008))",-12.113856947842008,-77.05279673656118,LIMA,LIMA,MIRAFLORES,True,53,54,No se pudieron encontrar las tiendas solicitadas,2025-04-22 16:44:30.488876
zona_000444,"POLYGON ((-77.04130851063607 -12.117746749332236, -77.04360546879161 -12.113856947842008, -77.04819938510266 -12.113856947842008, -77.0504963432582 -12.117746749332236, -77.04819938510266 -12.121636550822464, -77.04360546879161 -12.121636550822464, -77.04130851063607 -12.117746749332236))",-12.117746749332236,-77.04590242694714,LIMA,LIMA,MIRAFLORES,True,53,54,No se pudieron encontrar las tiendas solicitadas,2025-04-22 16:44:30.488876
zona_000445,"POLYGON ((-77.03441426797283 -12.113856947842008, -77.03671119265296 -12.10996714635178, -77.0413050420132 -12.10996714635178, -77.04360196669333 -12.113856947842008, -77.0413050420132 -12.117746749332236, -77.03671119265296 -12.117746749332236, -77.03441426797283 -12.113856947842008))",-12.113856947842008,-77.03900811733308,LIMA,LIMA,MIRAFLORES,True,53,54,No se pudieron encontrar las tiendas solicitadas,2025-04-22 16:44:30.488876
zona_000446,"POLYGON ((-77.02751989140798 -12.117746749332236, -77.02981684956352 -12.113856947842008, -77.03441076587457 -12.113856947842008, -77.03670772403011 -12.117746749332236, -77.03441076587457 -12.121636550822464, -77.02981684956352 -12.121636550822464, -77.02751989140798 -12.117746749332236))",-12.117746749332236,-77.03211380771904,LIMA,LIMA,MIRAFLORES,True,53,54,No se pudieron encontrar las tiendas solicitadas,2025-04-22 16:44:30.488876
zona_000447,"POLYGON ((-77.02062564874474 -12.113856947842008, -77.02292257342486 -12.10996714635178, -77.02751642278511 -12.10996714635178, -77.02981334746524 -12.113856947842008, -77.02751642278511 -12.117746749332236, -77.02292257342486 -12.117746749332236, -77.02062564874474 -12.113856947842008))",-12.113856947842008,-77.02521949810499,LIMA,LIMA,SURQUILLO,True,53,54,No se pudieron encontrar las tiendas solicitadas,2025-04-22 16:44:30.488876
zona_000448,"POLYGON ((-77.01373127217987 -12.117746749332236, -77.01602823033541 -12.113856947842008, -77.02062214664646 -12.113856947842008, -77.022919104802 -12.117746749332236, -77.02062214664646 -12.121636550822464, -77.01602823033541 -12.121636550822464, -77.01373127217987 -12.117746749332236))",-12.117746749332236,-77.01832518849093,LIMA,LIMA,SURQUILLO,True,53,54,No se pudieron encontrar las tiendas solicitadas,2025-04-22 16:44:30.488876
zona_000449,"POLYGON ((-77.00683702951665 -12.113856947842008, -77.00913395419677 -12.10996714635178, -77.01372780355702 -12.10996714635178, -77.01602472823714 -12.113856947842008, -77.01372780355702 -12.117746749332236, -77.00913395419677 -12.117746749332236, -77.00683702951665 -12.113856947842008))",-12.113856947842008,-77.0114308788769,LIMA,LIMA,SURQUILLO,True,53,54,No se pudieron encontrar las tiendas solicitadas,2025-04-22 16:44:30.488876
zona_000450,"POLYGON ((-76.99994265295177 -12.117746749332236, -77.00223961110731 -12.113856947842008, -77.00683352741837 -12.113856947842008, -77.0091304855739 -12.117746749332236, -77.00683352741837 -12.121636550822464, -77.00223961110731 -12.121636550822464, -76.99994265295177 -12.117746749332236))",-12.117746749332236,-77.00453656926284,LIMA,LIMA,SURQUILLO,True,53,54,No se pudieron encontrar las tiendas solicitadas,2025-04-22 16:44:30.488876
zona_000468,"POLYGON ((-77.0482030210332 -12.106077344861552, -77.0504998787972 -12.102187543371324, -77.05509359432516 -12.102187543371324, -77.05739045208915 -12.106077344861552, -77.05509359432516 -12.10996714635178, -77.0504998787972 -12.10996714635178, -77.0482030210332 -12.106077344861552))",-12.106077344861552,-77.05279673656118,LIMA,LIMA,SAN ISIDRO,True,53,54,No se pudieron encontrar las tiendas solicitadas,2025-04-22 16:44:30.488876
zona_000469,"POLYGON ((-77.04130864451459 -12.10996714635178, -77.04360553573086 -12.106077344861552, -77.04819931816341 -12.106077344861552, -77.05049620937969 -12.10996714635178, -77.04819931816341 -12.113856947842008, -77.04360553573086 -12.113856947842008, -77.04130864451459 -12.10996714635178))",-12.10996714635178,-77.04590242694714,LIMA,LIMA,SAN ISIDRO,True,53,54,No se pudieron encontrar las tiendas solicitadas,2025-04-22 16:44:30.488876
zona_000470,"POLYGON ((-77.03441440180511 -12.106077344861552, -77.0367112595691 -12.102187543371324, -77.04130497509706 -12.102187543371324, -77.04360183286106 -12.106077344861552, -77.04130497509706 -12.10996714635178, -77.0367112595691 -12.10996714635178, -77.03441440180511 -12.106077344861552))",-12.106077344861552,-77.03900811733308,LIMA,LIMA,SAN ISIDRO,True,53,54,No se pudieron encontrar las tiendas solicitadas,2025-04-22 16:44:30.488876
zona_000471,"POLYGON ((-77.02752002528649 -12.10996714635178, -77.02981691650277 -12.106077344861552, -77.03441069893532 -12.106077344861552, -77.0367075901516 -12.10996714635178, -77.03441069893532 -12.113856947842008, -77.02981691650277 -12.113856947842008, -77.02752002528649 -12.10996714635178))",-12.10996714635178,-77.03211380771904,LIMA,LIMA,MIRAFLORES,True,53,54,No se pudieron encontrar las tiendas solicitadas,2025-04-22 16:44:30.488876
zona_000472,"POLYGON ((-77.02062578257701 -12.106077344861552, -77.02292264034101 -12.102187543371324, -77.02751635586897 -12.102187543371324, -77.02981321363296 -12.106077344861552, -77.02751635586897 -12.10996714635178, -77.02292264034101 -12.10996714635178, -77.02062578257701 -12.106077344861552))",-12.106077344861552,-77.02521949810499,LIMA,LIMA,SURQUILLO,True,53,54,No se pudieron encontrar las tiendas solicitadas,2025-04-22 16:44:30.488876
zona_000473,"POLYGON ((-77.01373140605838 -12.10996714635178, -77.01602829727466 -12.106077344861552, -77.02062207970721 -12.106077344861552, -77.02291897092348 -12.10996714635178, -77.02062207970721 -12.113856947842008, -77.01602829727466 -12.113856947842008, -77.01373140605838 -12.10996714635178))",-12.10996714635178,-77.01832518849093,LIMA,LIMA,SURQUILLO,True,53,54,No se pudieron encontrar las tiendas solicitadas,2025-04-22 16:44:30.488876
zona_000474,"POLYGON ((-77.00683716334892 -12.106077344861552, -77.00913402111291 -12.102187543371324, -77.01372773664087 -12.102187543371324, -77.01602459440487 -12.106077344861552, -77.01372773664087 -12.10996714635178, -77.00913402111291 -12.10996714635178, -77.00683716334892 -12.106077344861552))",-12.106077344861552,-77.0114308788769,LIMA,LIMA,SAN ISIDRO,True,53,54,No se pudieron encontrar las tiendas solicitadas,2025-04-22 16:44:30.488876
zona_000475,"POLYGON ((-76.99994278683029 -12.10996714635178, -77.00223967804656 -12.106077344861552, -77.00683346047911 -12.106077344861552, -77.00913035169539 -12.10996714635178, -77.00683346047911 -12.113856947842008, -77.00223967804656 -12.113856947842008, -76.99994278683029 -12.10996714635178))",-12.10996714635178,-77.00453656926284,LIMA,LIMA,SURQUILLO,True,53,54,No se pudieron encontrar las tiendas solicitadas,2025-04-22 16:44:30.488876
zona_000491,"POLYGON ((-77.06199177400109 -12.098297741881094, -77.06428856489518 -12.094407940390866, -77.06888214668336 -12.094407940390866, -77.07117893757746 -12.098297741881094, -77.06888214668336 -12.102187543371322, -77.06428856489518 -12.102187543371322, -77.06199177400109 -12.098297741881094))",-12.098297741881094,-77.06658535578927,LIMA,LIMA,MAGDALENA DEL MAR,True,53,54,No se pudieron encontrar las tiendas solicitadas,2025-04-22 16:44:30.488876
zona_000492,"POLYGON ((-77.05509739752871 -12.102187543371324, -77.05739422185196 -12.098297741881096, -77.0619878704985 -12.098297741881096, -77.06428469482175 -12.102187543371324, -77.0619878704985 -12.106077344861552, -77.05739422185196 -12.106077344861552, -77.05509739752871 -12.102187543371324))",-12.102187543371324,-77.05969104617523,LIMA,LIMA,MAGDALENA DEL MAR,True,53,54,No se pudieron encontrar las tiendas solicitadas,2025-04-22 16:44:30.488876
zona_000493,"POLYGON ((-77.04820315477299 -12.098297741881094, -77.05049994566708 -12.094407940390866, -77.05509352745527 -12.094407940390866, -77.05739031834936 -12.098297741881094, -77.05509352745527 -12.102187543371322, -77.05049994566708 -12.102187543371322, -77.04820315477299 -12.098297741881094))",-12.098297741881094,-77.05279673656118,LIMA,LIMA,SAN ISIDRO,True,53,54,No se pudieron encontrar las tiendas solicitadas,2025-04-22 16:44:30.488876
zona_000494,"POLYGON ((-77.04130877830062 -12.102187543371324, -77.04360560262387 -12.098297741881096, -77.0481992512704 -12.098297741881096, -77.05049607559366 -12.102187543371324, -77.0481992512704 -12.106077344861552, -77.04360560262387 -12.106077344861552, -77.04130877830062 -12.102187543371324))",-12.102187543371324,-77.04590242694714,LIMA,LIMA,SAN ISIDRO,True,53,54,No se pudieron encontrar las tiendas solicitadas,2025-04-22 16:44:30.488876
zona_000495,"POLYGON ((-77.0344145355449 -12.098297741881094, -77.03671132643899 -12.094407940390866, -77.04130490822718 -12.094407940390866, -77.04360169912127 -12.098297741881094, -77.04130490822718 -12.102187543371322, -77.03671132643899 -12.102187543371322, -77.0344145355449 -12.098297741881094))",-12.098297741881094,-77.03900811733308,LIMA,LIMA,SAN ISIDRO,True,53,54,No se pudieron encontrar las tiendas solicitadas,2025-04-22 16:44:30.488876
zona_000496,"POLYGON ((-77.02752015907252 -12.102187543371324, -77.02981698339578 -12.098297741881096, -77.03441063204231 -12.098297741881096, -77.03670745636556 -12.102187543371324, -77.03441063204231 -12.106077344861552, -77.02981698339578 -12.106077344861552, -77.02752015907252 -12.102187543371324))",-12.102187543371324,-77.03211380771904,LIMA,LIMA,SAN ISIDRO,True,53,54,No se pudieron encontrar las tiendas solicitadas,2025-04-22 16:44:30.488876
zona_000497,"POLYGON ((-77.0206259163168 -12.098297741881094, -77.0229227072109 -12.094407940390866, -77.02751628899908 -12.094407940390866, -77.02981307989317 -12.098297741881094, -77.02751628899908 -12.102187543371322, -77.0229227072109 -12.102187543371322, -77.0206259163168 -12.098297741881094))",-12.098297741881094,-77.02521949810499,LIMA,LIMA,SAN ISIDRO,True,53,54,No se pudieron encontrar las tiendas solicitadas,2025-04-22 16:44:30.488876
zona_000498,"POLYGON ((-77.01373153984441 -12.102187543371324, -77.01602836416767 -12.098297741881096, -77.0206220128142 -12.098297741881096, -77.02291883713745 -12.102187543371324, -77.0206220128142 -12.106077344861552, -77.01602836416767 -12.106077344861552, -77.01373153984441 -12.102187543371324))",-12.102187543371324,-77.01832518849093,LIMA,LIMA,SAN ISIDRO,True,53,54,No se pudieron encontrar las tiendas solicitadas,2025-04-22 16:44:30.488876
zona_000499,"POLYGON ((-77.00683729708871 -12.098297741881094, -77.0091340879828 -12.094407940390866, -77.01372766977099 -12.094407940390866, -77.01602446066508 -12.098297741881094, -77.01372766977099 -12.102187543371322, -77.0091340879828 -12.102187543371322, -77.00683729708871 -12.098297741881094))",-12.098297741881094,-77.0114308788769,LIMA,LIMA,SAN ISIDRO,True,53,54,No se pudieron encontrar las tiendas solicitadas,2025-04-22 16:44:30.488876
zona_000500,"POLYGON ((-76.99994292061632 -12.102187543371324, -77.00223974493957 -12.098297741881096, -77.0068333935861 -12.098297741881096, -77.00913021790936 -12.102187543371324, -77.0068333935861 -12.106077344861552, -77.00223974493957 -12.106077344861552, -76.99994292061632 -12.102187543371324))",-12.102187543371324,-77.00453656926284,LIMA,LIMA,SAN BORJA,True,53,54,No se pudieron encontrar las tiendas solicitadas,2025-04-22 16:44:30.488876
